task_id,model,primary_label,blind_second_label,primary_reason,blind_second_reason
HumanEval/10,qwen/qwen-2.5-72b-instruct,MISSING_EDGE,BOUNDARY,"The code does not handle the case of an empty string correctly, as it does not return an empty string when the input is ''.","The loop in `make_palindrome` starts at `len(string)` and goes to `-1`, which includes an unnecessary iteration at `i = len(string)`. This causes the function to incorrectly handle the case when the entire string is a palindrome, as it appends an empty string unnecessarily."
HumanEval/100,meta-llama/llama-3.1-8b-instruct,MATH_REASONING,STATE_UPDATE,The logic for determining the next number of stones in the pile is incorrect; it should consistently add 2 to the last level's stone count instead of incrementing i and checking its parity.,"The variable 'i' is incorrectly updated in the loop, leading to wrong stone counts in subsequent levels."
HumanEval/100,openai/gpt-4o-mini,WRONG_ALGO,BOUNDARY,The approach used to determine the number of stones in each level is incorrect; it relies on the previous level's count instead of directly calculating the next odd or even number based on the initial value of n.,The code incorrectly handles the boundary condition for the first level by using 'i == 0' instead of directly starting with 'n' and correctly updating the next levels based on the parity of 'n'.
HumanEval/102,deepseek/deepseek-chat,MISSING_EDGE,BOUNDARY,"The code does not handle the case where x and y are equal correctly, which can lead to returning an incorrect result.","The loop starts from 'end' and goes down to 'start - 1', which is correct for inclusive range, but the logic fails when 'start' is greater than 'end' due to incorrect handling of the range direction."
HumanEval/106,meta-llama/llama-3.1-8b-instruct,MATH_REASONING,WRONG_ALGO,The factorial calculation is incorrect; it uses the value of i directly instead of calculating the factorial.,The code incorrectly uses 'i' directly for even indices instead of calculating the factorial of 'i'. The algorithm does not match the problem specification.
HumanEval/109,meta-llama/llama-3.1-8b-instruct,PREMATURE_SIMPL,WRONG_ALGO,"The model oversimplified the problem by only checking if the array is already sorted, ignoring the possibility of achieving a sorted array through right shifts.","The code incorrectly checks if the array is already sorted, rather than determining if it can be sorted by performing right shift operations."
HumanEval/110,meta-llama/llama-3.1-8b-instruct,MATH_REASONING,SPEC_PARTIAL,"The model incorrectly checks if the count of odd numbers in lst1 is less than or equal to the length of lst2, instead of checking if there are enough even numbers in lst2 to replace all odd numbers in lst1.","The code only checks if the number of odd elements in lst1 is less than or equal to the length of lst2, but it does not verify if lst2 contains enough even elements to replace the odd ones in lst1."
HumanEval/110,openai/gpt-4o-mini,MATH_REASONING,SPEC_PARTIAL,"The logic incorrectly checks for the presence of even numbers in lst2 and odd numbers in lst1, rather than counting them to determine if enough exchanges can be made.","The code only checks if there is at least one even number in lst2 and at least one odd number in lst1, but it does not ensure that all odd numbers in lst1 can be replaced with even numbers from lst2."
HumanEval/113,meta-llama/llama-3.1-8b-instruct,MATH_REASONING,WRONG_ALGO,The code incorrectly counts the length of the string instead of the number of odd digits.,The code incorrectly calculates the length of the string instead of counting the number of odd digits in each string.
HumanEval/115,qwen/qwen-2.5-72b-instruct,MATH_REASONING,WRONG_ALGO,"The model's code incorrectly uses math.ceil on the total water divided by capacity, which does not account for the individual rows and their respective water amounts.","The code incorrectly assumes that the total water can be divided by the bucket capacity to get the number of times buckets need to be lowered. However, the problem requires handling each well separately, as each well has its own bucket, and the number of times a bucket is lowered depends on the water in that specific well, not the total water across all wells."
HumanEval/120,meta-llama/llama-3.1-8b-instruct,PREMATURE_SIMPL,WRONG_ALGO,"The model's code does not handle the case where k is 0, which should return an empty list.","The code sorts the array in descending order and takes the first k elements, which does not correctly handle cases where the maximum k numbers are not the first k elements in the sorted array. The correct approach should select the maximum k numbers first and then sort them."
HumanEval/120,openai/gpt-4o-mini,PREMATURE_SIMPL,WRONG_ALGO,"The model's code over-simplifies the problem by sorting the array twice, which is unnecessary and may lead to incorrect results for certain edge cases.","The code sorts the entire array and then takes the last k elements, which is inefficient and does not directly address the requirement to find the maximum k numbers. A more efficient approach would be to use a heap or a partial sort to directly find the k largest elements."
HumanEval/125,meta-llama/llama-3.1-8b-instruct,MISSING_EDGE,SPEC_PARTIAL,"The code fails to handle the case where the input string has no whitespace or commas, leading to incorrect counting of lowercase letters.","The code does not fully implement the specification. It fails to correctly handle the case where the input string contains no whitespaces and no commas, as it does not count the number of lowercase letters with odd order in the alphabet correctly. Instead, it incorrectly sums the odd numbers in the range of ord('a') to ord('z')+1, which does not correspond to the lowercase letters in the input string."
HumanEval/126,meta-llama/llama-3.1-8b-instruct,PREMATURE_SIMPL,SPEC_PARTIAL,"The model's code oversimplifies the problem by only checking for duplicates and sorting, without properly handling the requirement of allowing only one duplicate.","The code correctly checks if the list is sorted but fails to handle the case where there are more than one duplicate of the same number, as it only checks if the length of the list equals the length of the set of the list, which would only catch cases with any duplicates, not specifically more than one duplicate."
HumanEval/126,openai/gpt-4o-mini,MATH_REASONING,MISSING_EDGE,"The code incorrectly allows for duplicates, returning True for lists with more than one occurrence of the same number, which violates the problem's requirements.","The code fails to handle the case where there are more than one duplicate of the same number correctly. It returns False on the first duplicate encountered, but the problem requires returning False only if there are more than one duplicate of the same number."
HumanEval/126,qwen/qwen-2.5-72b-instruct,MATH_REASONING,SPEC_PARTIAL,"The logic incorrectly allows duplicates of the same number, returning True for cases where there are more than one duplicate.",The code correctly checks for ascending order but fails to fully implement the requirement to return False if there are more than 1 duplicate of the same number. It incorrectly returns False on the first duplicate occurrence instead of checking for more than one duplicate.
HumanEval/127,deepseek/deepseek-chat,MATH_REASONING,MISSING_EDGE,"The calculation of the intersection length is incorrect; it adds 1 to the length, which is not appropriate for determining the length of the intersection.","The code fails to handle the case where the intersection length is 1, which is not a prime number, but the code incorrectly returns 'NO' for lengths less than 2 without checking if the length is 1."
HumanEval/127,meta-llama/llama-3.1-8b-instruct,MATH_REASONING,MISSING_EDGE,"The calculation of intersection_length incorrectly adds 1, which does not accurately reflect the length of the intersection for closed intervals.","The code fails to handle the case where the intervals do not intersect, which should return 'NO'. The current implementation incorrectly calculates the intersection length as a positive number even when there is no intersection."
HumanEval/127,qwen/qwen-2.5-72b-instruct,MATH_REASONING,BOUNDARY,The calculation of the intersection length is incorrect; it should be 'end - start' instead of 'end - start + 1'.,"The code incorrectly calculates the length of the intersection by adding 1 to the difference between the end and start points. For closed intervals, the length should be the difference between the end and start points without adding 1, as both endpoints are included."
HumanEval/129,qwen/qwen-2.5-72b-instruct,MATH_REASONING,WRONG_ALGO,The logic for calculating the path value in the heap uses the sum of values instead of maintaining the lexicographical order of the paths.,"The algorithm uses a priority queue to prioritize paths based on cumulative values, which does not align with the requirement to find the lexicographically smallest path. This approach may not correctly identify the minimum path as defined by the problem."
HumanEval/132,deepseek/deepseek-chat,MISSING_EDGE,SPEC_PARTIAL,"The code fails to handle cases where there are no nested brackets, such as '[]', which should return False.","The code only checks for nested brackets in a specific way, missing other valid subsequences where nesting occurs."
HumanEval/132,meta-llama/llama-3.1-8b-instruct,MISSING_EDGE,WRONG_ALGO,The code fails to check for nested brackets; it only verifies if brackets are balanced.,"The code checks for balanced brackets but fails to identify nested subsequences, which is the core requirement."
HumanEval/132,openai/gpt-4o-mini,MISSING_EDGE,SPEC_PARTIAL,"The code does not handle cases where there are no nested brackets correctly, such as '[]' or '[][]', which should return False.","The code fails to correctly identify nested brackets in some cases, such as '[[][]]', where it should return True but returns False. The logic does not fully implement the requirement to detect a valid subsequence with at least one nested bracket."
HumanEval/132,qwen/qwen-2.5-72b-instruct,MISSING_EDGE,SPEC_PARTIAL,"The code fails to handle cases where there are not enough opening brackets to form a nested structure, such as '[]' or '[][]', which should return False.","The code correctly checks for nested brackets but fails to handle cases where the string is not balanced, which is not explicitly required by the problem specification."
HumanEval/135,meta-llama/llama-3.1-8b-instruct,MATH_REASONING,BOUNDARY,"The model's code incorrectly uses '<=' instead of '<', leading to an incorrect index being returned.","The code returns `i - 1` instead of `i`, which is an off-by-one error. The problem requires returning the index of the element that is not greater than or equal to the preceding element, not the index of the preceding element."
HumanEval/137,meta-llama/llama-3.1-8b-instruct,MATH_REASONING,MISSING_EDGE,"The conversion of strings to floats is incorrect due to the handling of decimal and thousands separators, which can lead to wrong comparisons.","The code fails to handle cases where both inputs are strings with different decimal separators (e.g., '5,1' vs '6')."
HumanEval/140,openai/gpt-4o-mini,MATH_REASONING,SPEC_PARTIAL,The logic for replacing spaces is incorrect; it does not properly handle the requirement for replacing 1 or 2 spaces with underscores after replacing 3 or more spaces with a dash.,"The code fails to handle leading and trailing spaces correctly, as it removes all leading and trailing underscores, which may incorrectly modify the intended output for cases like ' Example 2'."
HumanEval/141,qwen/qwen-2.5-72b-instruct,WRONG_ALGO,SPEC_PARTIAL,"The regex pattern used does not correctly enforce the rules for the file name, particularly for the substring after the dot and the digit count.","The regex pattern fails to fully implement the specified conditions, particularly the digit count limit and the exact substring after the dot."
HumanEval/145,deepseek/deepseek-chat,MATH_REASONING,MISSING_EDGE,"The digit sum calculation does not account for negative numbers correctly, as it only sums the absolute values of the digits without considering the sign.","The code fails to handle negative numbers correctly. The sum of digits for negative numbers should consider the sign, but the current implementation ignores it by using abs(num)."
HumanEval/145,openai/gpt-4o-mini,MATH_REASONING,MISSING_EDGE,"The digit sum calculation does not account for negative numbers correctly, as it only sums the absolute values of the digits.","The code fails to handle negative numbers correctly as it uses `abs(n)` in `digit_sum`, which ignores the sign but the problem requires sorting based on the sum of digits including the sign."
HumanEval/146,meta-llama/llama-3.1-8b-instruct,MATH_REASONING,WRONG_ALGO,The logic for checking if the first digit is odd is incorrect; it uses integer division and modulus in a way that does not correctly isolate the first digit.,"The algorithm incorrectly checks for odd digits by using modulo and division operations, which do not correctly identify the first and last digits of a number, especially for numbers with more than two digits or negative numbers."
HumanEval/148,meta-llama/llama-3.1-8b-instruct,WRONG_ALGO,BOUNDARY,The algorithm incorrectly uses sorting and a list comprehension instead of directly slicing the list based on the indices of the planets.,"The code incorrectly uses strict inequalities (<) for index comparisons, which excludes the planets at the boundary indices. It should use inclusive inequalities (<=) to include planets at the boundary."
HumanEval/154,meta-llama/llama-3.1-8b-instruct,WRONG_ALGO,SPEC_PARTIAL,The approach of checking if 'b' is in the rotated versions of 'a' is incorrect; it does not account for all possible rotations properly.,"The code only checks if the second word or its rotations are substrings of the first word, but it does not handle cases where the second word is longer than the first word, which should return False."
HumanEval/154,openai/gpt-4o-mini,MISSING_EDGE,WRONG_ALGO,"The code fails to handle cases where the first word is shorter than the second word, which would make it impossible for any rotation of the second word to be a substring.","The code incorrectly checks for rotations of 'b' by generating all possible substrings of 'b' concatenated with itself, which does not correctly identify all rotations of 'b' as substrings of 'a'."
HumanEval/160,deepseek/deepseek-chat,MATH_REASONING,WRONG_ALGO,"The model's code does not correctly handle operator precedence, leading to incorrect results for expressions that require proper order of operations.","The code evaluates the expression left-to-right without considering operator precedence, leading to incorrect results for expressions like '2 + 3 * 4 - 5'."
HumanEval/160,meta-llama/llama-3.1-8b-instruct,MATH_REASONING,WRONG_ALGO,"The code does not correctly handle operator precedence, leading to incorrect results for expressions that require proper order of operations.","The code evaluates the expression left-to-right without considering operator precedence, leading to incorrect results for expressions involving multiplication, division, or exponentiation."
HumanEval/163,meta-llama/llama-3.1-8b-instruct,BOUNDARY,WRONG_ALGO,"The range is incorrectly defined; it should iterate from the minimum to the maximum of a and b, not the other way around.","The algorithm incorrectly iterates from max(a, b) to min(a, b) + 1, which reverses the intended range and logic for generating even digits between a and b."
HumanEval/163,openai/gpt-4o-mini,BOUNDARY,WRONG_ALGO,The code incorrectly includes numbers outside the range of single-digit even integers (0-8) when a and b are greater than 8.,"The code incorrectly returns all even numbers between a and b, instead of returning the even digits between a and b."
HumanEval/163,qwen/qwen-2.5-72b-instruct,PREMATURE_SIMPL,WRONG_ALGO,"The code incorrectly assumes that all digits of the numbers must be even, rather than just returning the even numbers between a and b.","The code incorrectly filters numbers based on all digits being even, instead of returning even numbers between a and b."
HumanEval/26,meta-llama/llama-3.1-8b-instruct,SPEC_PARTIAL,WRONG_ALGO,The code only keeps unique elements and does not remove elements that occur more than once.,"The code removes all duplicates but keeps the first occurrence, whereas the problem requires removing all elements that occur more than once, including their first occurrence."
HumanEval/32,deepseek/deepseek-chat,MATH_REASONING,WRONG_ALGO,The derivative calculation in f_prime is incorrect; it uses the wrong power of x for the coefficients.,"The code uses Newton's method to find a root, but the problem specification does not guarantee that the polynomial has a real root or that Newton's method will converge to a root. The problem specifies that the polynomial has an even number of coefficients and the largest non-zero coefficient guarantees a solution, but this does not necessarily mean that Newton's method is the correct approach."
HumanEval/32,qwen/qwen-2.5-72b-instruct,MATH_REASONING,WRONG_ALGO,"The polynomial evaluation in the 'poly' function incorrectly uses 'xs[1]' for both the linear and quadratic terms, leading to incorrect results.","The bisection method is not guaranteed to find a root for polynomials with even number of coefficients, especially when the largest non-zero coefficient is not considered."
HumanEval/37,meta-llama/llama-3.1-8b-instruct,STATE_UPDATE,WRONG_ALGO,"The code incorrectly uses the sorted even indices without properly maintaining the original odd indices, leading to wrong results.","The algorithm incorrectly pairs elements from the original list with sorted even-indexed elements, leading to mismatched values at even indices."
HumanEval/43,meta-llama/llama-3.1-8b-instruct,MISSING_EDGE,SPEC_PARTIAL,The code fails to handle cases where there are two distinct elements that sum to zero but do not include zero itself.,"The code only checks for the presence of zero and other non-zero elements, but does not check for pairs of distinct elements that sum to zero."
HumanEval/59,deepseek/deepseek-chat,MATH_REASONING,WRONG_ALGO,The logic for finding the largest prime factor is incorrect; it fails to return the correct largest prime factor after the loop.,"The algorithm fails to correctly identify the largest prime factor for numbers where the largest prime factor is greater than the square root of n. It returns n itself, which is incorrect for such cases."
HumanEval/65,meta-llama/llama-3.1-8b-instruct,MATH_REASONING,MISSING_EDGE,"The model's code incorrectly handles the case when shift is greater than the number of digits, as it does not reverse the digits in that scenario.","The code fails to handle the case where shift > number of digits, as specified in the problem. It should return the digits reversed in such cases, but it does not."
HumanEval/65,qwen/qwen-2.5-72b-instruct,BOUNDARY,MISSING_EDGE,"The condition for reversing the digits should be 'if shift > n' instead of 'if shift >= n', which causes incorrect behavior when shift equals the number of digits.","The code fails to handle the case where shift is exactly equal to the number of digits, which should return the original string but returns the reversed string instead."
HumanEval/68,meta-llama/llama-3.1-8b-instruct,MATH_REASONING,WRONG_ALGO,The model's code incorrectly returns the minimum index of even values twice instead of returning the corresponding value and its index.,The code incorrectly identifies the smallest even value by using the index list 'even_values' instead of the actual values in 'arr'. It also returns the same index twice instead of the smallest even value and its index.
HumanEval/74,openai/gpt-4o-mini,MATH_REASONING,SPEC_PARTIAL,The comparison should be less than or equal to (<=) instead of just less than (<) to handle the case where both lists have the same total number of characters.,"The code does not handle the case where the two lists have the same number of characters, as specified in the problem statement."
HumanEval/75,qwen/qwen-2.5-72b-instruct,MATH_REASONING,STATE_UPDATE,The logic for counting prime factors is incorrect; it does not ensure that the product of the prime factors equals the original number and may count duplicates.,"The code incorrectly updates 'a' within the loop, which can lead to incorrect factorization and premature termination of the loop, thus failing to correctly identify all prime factors."
HumanEval/81,meta-llama/llama-3.1-8b-instruct,MATH_REASONING,BOUNDARY,"The model's code uses incorrect boundaries for the GPA ranges, leading to wrong letter grades being assigned.","The code incorrectly handles the boundary for the 'E' grade. The condition for 'E' should be grade == 0.0, but the code uses 0.0 <= grade < 0.7, which incorrectly includes grades greater than 0.0 and less than 0.7."
HumanEval/91,qwen/qwen-2.5-72b-instruct,BOUNDARY,MISSING_EDGE,"The code fails to handle the case where sentences are followed by whitespace, leading to incorrect counting of sentences that start with 'I'.","The code fails to handle cases where the input string contains multiple delimiters consecutively or ends with a delimiter, leading to empty strings in the split result."
HumanEval/93,openai/gpt-4o-mini,MATH_REASONING,MISSING_EDGE,The calculation for replacing vowels is incorrect; it does not account for the correct position in the alphabet when wrapping around.,"The code fails to handle the case where a vowel is 'y' or 'Y', which should wrap around to 'a' or 'A' respectively when shifted two places ahead."
HumanEval/98,meta-llama/llama-3.1-8b-instruct,MATH_REASONING,BOUNDARY,"The model's code incorrectly checks for uppercase vowels by converting each character to uppercase, which is unnecessary and leads to incorrect results.","The code incorrectly includes the first character (index 0) in the count, which is an even index, but fails to handle the case where the string length is odd and the last character is at an even index."
